,งวดงบการเงิน ณ วันที่,หลักทรัพย์,สินทรัพย์รวม,หนี้สินรวม,ส่วนของผู้ถือหุ้น,มูลค่าหุ้นที่เรียกชำระแล้ว,รายได้รวม,กำไร (ขาดทุน) จากกิจกรรมอื่น,กำไรสุทธิ,กำไรต่อหุ้น (บาท),อัตราส่วนทางการเงินที่สำคัญ,ROA (%),ROE (%),อัตรากำไรสุทธิ (%),หลักทรัพย์-ปี,ค่าสถิติสำคัญ ณ วันที่,ราคาล่าสุด (บาท),มูลค่าหลักทรัพย์ตามราคาตลาด (ล้านบาท),วันที่ของงบการเงินที่ใช้คำนวณค่าสถิติ,P/E (เท่า),P/BV (เท่า),มูลค่าหุ้นทางบัญชีต่อหุ้น (บาท),อัตราส่วนเงินปันผลตอบแทน (%),ปี
0,งบปี 2563 31 ธ.ค. 2563,ADVANC,350170.58,274481.21,75563.98,2973.55,173720.31,69.89,27434.36,9.23,,12.02,37.88,15.79,ADVANC-2563,30 ธ.ค. 2563,176.00,523345.56,30 ก.ย. 2563,19.15,7.64,23.04,4.17,2563
1,งบปี 2564 31 ธ.ค. 2564,ADVANC,356221.74,274397.22,81698.75,2973.93,182605.54,-786.32,26922.15,9.05,,10.91,34.24,14.74,ADVANC-2564,30 ธ.ค. 2564,230.00,684002.93,30 ก.ย. 2564,25.13,9.15,25.12,3.01,2564
2,งบปี 2565 31 ธ.ค. 2565,ADVANC,337043.66,251227.31,85688.72,2974.21,186142.92,-72.87,26011.28,8.75,,10.79,31.08,13.98,ADVANC-2565,30 ธ.ค. 2565,195.00,579970.90,30 ก.ย. 2565,22.73,7.43,26.25,3.94,2565
3,งบปี 2566 31 ธ.ค. 2566,ADVANC,454439.22,363761.01,90577.12,2974.21,189720.27,787.74,29086.11,9.78,,10.65,33.0,15.33,ADVANC-2566,28 ธ.ค. 2566,217.00,645403.51,30 ก.ย. 2566,21.92,7.74,28.04,3.54,2566
4,ไตรมาส 1/2567 31 มี.ค. 2567,ADVANC,455211.3,369823.62,85287.08,2974.21,53465.06,43.78,8451.05,2.84,,11.53,37.28,15.81,ADVANC-2567,13 พ.ค. 2567,205.00,609713.00,31 มี.ค. 2567,19.81,7.15,28.68,4.20,2567
5,งบปี 2563 30 ก.ย. 2563,AOT,173558.57,30526.9,142235.58,14285.7,33129.95,145.56,4320.68,0.3,,3.22,2.92,12.97,AOT-2563,30 ธ.ค. 2563,62.25,889284.83,30 ก.ย. 2563,205.82,6.25,9.96,0.31,2563
6,งบปี 2564 30 ก.ย. 2564,AOT,195085.77,81664.39,112343.77,14285.7,7715.73,-51.08,-16322.01,-1.14,,-9.53,-12.82,-212.19,AOT-2564,30 ธ.ค. 2564,61.00,871427.70,30 ก.ย. 2564,-,7.76,7.86,-,2564
7,งบปี 2565 30 ก.ย. 2565,AOT,183812.92,81294.32,101323.97,14285.7,16992.5,258.17,-11087.87,-0.78,,-5.77,-10.38,-64.59,AOT-2565,30 ธ.ค. 2565,75.00,1071427.50,30 ก.ย. 2565,-,10.57,7.09,-,2565
8,งบปี 2566 30 ก.ย. 2566,AOT,195611.09,83432.9,110464.78,14285.7,48435.31,-8.37,8790.87,0.62,,7.48,8.3,18.73,AOT-2566,28 ธ.ค. 2566,59.75,853570.58,30 ก.ย. 2566,97.10,7.73,7.73,0.60,2566
9,ไตรมาส 1/2567 31 ธ.ค. 2566,AOT,194347.57,77584.12,114930.83,14285.7,15769.85,5.32,4563.03,0.32,,10.32,12.01,29.69,AOT-2566,28 ธ.ค. 2566,59.75,853570.58,30 ก.ย. 2566,97.10,7.73,7.73,0.60,2566
10,งบปี 2562 31 ธ.ค. 2562,AWC,109157.86,33496.19,75661.66,32000.00,11522.00,-,1054.23,0.04,,3.14,2.09,9.03,AWC-2562,,,,,,,,,
11,งบปี 2563 31 ธ.ค. 2563,AWC,124466.57,53280.47,71186.09,32000.00,6136.42,-,-1881.23,-0.06,,-0.99,-2.56,-30.66,AWC-2563,30 ธ.ค. 2563,4.56,145920.00,30 ก.ย. 2563,-,2.04,2.24,0.27,2563
12,งบปี 2564 31 ธ.ค. 2564,AWC,138897.29,59690.67,79206.62,32000.0,4395.83,3884.46,861.48,0.03,,1.77,1.15,19.6,AWC-2564,30 ธ.ค. 2564,4.64,148480.00,30 ก.ย. 2564,-,1.90,2.44,-,2564
13,งบปี 2565 31 ธ.ค. 2565,AWC,156453.91,73594.41,82859.51,32000.77,9603.15,4922.66,3853.86,0.12,,4.11,4.76,41.45,AWC-2565,30 ธ.ค. 2565,6.30,201604.86,30 ก.ย. 2565,59.04,2.48,2.54,0.17,2565
14,งบปี 2566 31 ธ.ค. 2566,AWC,172437.29,84961.25,87476.04,32002.34,14035.47,4939.85,5037.86,0.16,,4.89,5.92,36.37,AWC-2566,28 ธ.ค. 2566,3.56,113928.34,30 ก.ย. 2566,22.40,1.33,2.68,0.90,2566
15,งบปี 2562 31 ธ.ค. 2562,BANPU,257588.81,167107.96,72194.58,5161.93,90048.43,4518.34,-552.86,-0.11,,3.59,-0.71,1.5,BANPU-2562,,,,,,,,,
16,งบปี 2563 31 ธ.ค. 2563,BANPU,281647.62,197092.37,62343.95,5074.58,72929.82,7492.41,-1786.32,-0.35,,1.97,-2.66,-0.78,BANPU-2563,30 ธ.ค. 2563,11.00,55820.40,30 ก.ย. 2563,-,0.93,11.83,5.51,2563
17,งบปี 2564 31 ธ.ค. 2564,BANPU,365799.4,262102.27,79277.25,6766.11,134990.1,-5023.44,9851.8,1.59,,8.72,13.91,11.83,BANPU-2564,30 ธ.ค. 2564,10.60,71720.75,30 ก.ย. 2564,12.16,1.04,10.23,2.12,2564
18,งบปี 2565 31 ธ.ค. 2565,BANPU,436794.14,284420.12,117825.82,8454.16,275263.44,-4474.97,40518.97,5.65,,21.07,41.11,20.64,BANPU-2565,30 ธ.ค. 2565,13.70,115822.01,30 ก.ย. 2565,2.62,1.04,16.46,2.34,2565
19,งบปี 2566 31 ธ.ค. 2566,BANPU,444912.59,279689.46,130819.7,10018.9,184087.65,6295.77,5434.06,0.62,,6.85,4.37,6.93,BANPU-2566,28 ธ.ค. 2566,6.80,68128.54,30 ก.ย. 2566,10.73,0.51,13.32,13.78,2566
20,งบปี 2562 31 ธ.ค. 2562,BBL,3216743.1,2788626.79,427751.21,19088.43,158310.64,27704.8,35816.09,18.76,,2.78,8.52,22.87,BBL-2562,,,,,,,,,
21,งบปี 2563 31 ธ.ค. 2563,BBL,3822959.69,3372712.55,449013.69,19088.43,150106.58,13555.57,17180.58,9.0,,1.62,3.92,11.69,BBL-2563,30 ธ.ค. 2563,118.50,226197.88,30 ก.ย. 2563,9.93,0.51,230.25,5.91,2563
22,งบปี 2564 31 ธ.ค. 2564,BBL,4333280.91,3838688.35,492727.07,19088.43,157313.5,19301.83,26507.04,13.89,,1.6,5.63,17.13,BBL-2564,30 ธ.ค. 2564,121.50,231924.41,30 ก.ย. 2564,10.27,0.48,255.08,2.06,2564
23,งบปี 2565 31 ธ.ค. 2565,BBL,4421752.09,3914610.14,505345.98,19088.43,185492.9,3891.05,29305.59,15.35,,1.69,5.87,16.04,BBL-2565,30 ธ.ค. 2565,148.00,282508.75,30 ก.ย. 2565,10.07,0.55,267.22,2.36,2565
24,งบปี 2566 31 ธ.ค. 2566,BBL,4514484.38,3983654.35,528974.77,19088.43,241407.88,5249.2,41635.52,21.81,,2.59,8.05,17.42,BBL-2566,28 ธ.ค. 2566,156.50,298733.91,30 ก.ย. 2566,7.41,0.57,276.67,2.88,2566
25,งบปี 2562 31 ธ.ค. 2562,BDMS,133661.74,46480.11,83813.43,1589.2,83893.22,8641.44,15517.17,0.99,,15.58,20.13,19.08,BDMS-2562,,,,,,,,,
26,งบปี 2563 31 ธ.ค. 2563,BDMS,136050.25,44587.55,87910.18,1589.2,69101.64,2701.99,7214.24,0.45,,8.36,8.4,11.07,BDMS-2563,30 ธ.ค. 2563,20.80,330553.64,30 ก.ย. 2563,46.24,3.98,5.22,2.64,2563
27,งบปี 2564 31 ธ.ค. 2564,BDMS,128453.62,40688.69,83845.19,1589.2,75791.68,21.11,7936.08,0.5,,8.56,9.24,11.2,BDMS-2564,30 ธ.ค. 2564,23.00,365516.04,30 ก.ย. 2564,47.54,4.53,5.08,2.39,2564
28,งบปี 2565 31 ธ.ค. 2565,BDMS,141542.86,47830.07,89879.25,1589.2,93055.58,41.82,12606.2,0.79,,12.68,14.51,14.24,BDMS-2565,30 ธ.ค. 2565,29.00,460868.05,30 ก.ย. 2565,38.00,5.36,5.41,1.55,2565
29,งบปี 2566 31 ธ.ค. 2566,BDMS,143595.95,44723.47,95242.27,1589.2,102327.27,89.39,14375.27,0.9,,13.47,15.53,14.56,BDMS-2566,28 ธ.ค. 2566,27.75,441003.05,30 ก.ย. 2566,32.58,4.89,5.67,2.16,2566
30,งบปี 2562 31 ธ.ค. 2562,BEM,111696.77,72873.59,38780.72,15285.0,20221.19,355.32,5434.82,0.36,,8.29,14.63,26.96,BEM-2562,,,,,,,,,
31,งบปี 2563 31 ธ.ค. 2563,BEM,113615.76,75582.03,37991.4,15285.0,14316.16,6.41,2051.09,0.13,,4.04,5.34,14.35,BEM-2563,30 ธ.ค. 2563,8.30,126865.50,30 ก.ย. 2563,63.34,3.25,2.55,1.81,2563
32,งบปี 2564 31 ธ.ค. 2564,BEM,115088.50,77389.67,37697.28,15285.00,11481.59,-,1010.10,0.07,,2.91,2.67,8.81,BEM-2564,30 ธ.ค. 2564,8.45,129158.25,30 ก.ย. 2564,109.11,3.41,2.48,1.18,2564
33,งบปี 2565 31 ธ.ค. 2565,BEM,114128.19,76864.62,37261.94,15285.00,14801.47,-,2436.18,0.16,,4.53,6.50,16.46,BEM-2565,30 ธ.ค. 2565,9.80,149793.00,30 ก.ย. 2565,67.20,3.97,2.47,0.82,2565
34,งบปี 2566 31 ธ.ค. 2566,BEM,112495.87,74831.55,37662.64,15285.00,17138.72,-,3478.65,0.23,,5.81,9.29,20.30,BEM-2566,28 ธ.ค. 2566,7.95,121515.75,30 ก.ย. 2566,37.70,3.31,2.40,1.51,2566
35,งบปี 2562 31 ธ.ค. 2562,BGRIM,121692.8,83015.54,28144.4,5213.8,44421.39,238.9,2331.15,0.88,,6.16,9.84,8.95,BGRIM-2562,,,,,,,,,
36,งบปี 2563 31 ธ.ค. 2563,BGRIM,130695.88,91391.8,27470.27,5213.8,44337.67,-275.61,2174.76,0.68,,5.69,7.82,8.47,BGRIM-2563,30 ธ.ค. 2563,48.50,126434.65,30 ก.ย. 2563,62.96,4.65,10.43,0.76,2563
37,งบปี 2564 31 ธ.ค. 2564,BGRIM,149197.56,108382.05,29471.16,5213.8,46816.24,800.15,2275.7,0.72,,5.72,7.99,7.3,BGRIM-2564,30 ธ.ค. 2564,40.50,105579.45,30 ก.ย. 2564,39.74,3.59,11.28,1.11,2564
38,งบปี 2565 31 ธ.ค. 2565,BGRIM,170650.72,128483.05,29727.56,5213.8,63247.16,-91.3,-1244.08,-0.63,,2.4,-4.2,-1.42,BGRIM-2565,30 ธ.ค. 2565,39.75,103624.28,30 ก.ย. 2565,-,3.29,12.09,1.06,2565
39,งบปี 2566 31 ธ.ค. 2566,BGRIM,177036.31,124333.56,38128.07,5213.8,58228.53,132.61,1884.6,0.44,,5.26,5.55,6.33,BGRIM-2566,28 ธ.ค. 2566,27.25,71038.03,30 ก.ย. 2566,81.05,1.81,15.05,0.24,2566
40,งบปี 2563 31 ธ.ค. 2563,BH,24221.67,5385.05,18531.53,795.77,12567.83,2.32,1204.14,1.54,,5.95,6.25,9.72,BH-2563,30 ธ.ค. 2563,120.00,95350.28,30 ก.ย. 2563,49.81,5.18,23.15,2.59,2563
41,งบปี 2564 31 ธ.ค. 2564,BH,20856.8,3238.87,17286.12,795.77,12673.3,-14.33,1215.68,1.53,,6.99,6.79,9.78,BH-2564,30 ธ.ค. 2564,141.00,112036.58,30 ก.ย. 2564,144.49,6.75,20.88,2.27,2564
42,งบปี 2565 31 ธ.ค. 2565,BH,24258.81,4253.49,19705.5,795.77,20953.49,-3.78,4938.22,6.21,,26.83,26.7,23.75,BH-2565,30 ธ.ค. 2565,212.00,168515.78,30 ก.ย. 2565,42.13,9.33,22.72,1.51,2565
43,งบปี 2566 31 ธ.ค. 2566,BH,29212.11,5114.32,23801.13,795.77,25687.87,27.16,7006.45,8.81,,32.32,32.21,27.46,BH-2566,28 ธ.ค. 2566,222.00,176464.68,30 ก.ย. 2566,25.86,8.01,27.71,1.58,2566
44,ไตรมาส 1/2567 31 มี.ค. 2567,BH,31196.22,5064.37,25820.84,795.77,6627.34,9.66,1984.84,2.5,,31.93,31.46,30.17,BH-2567,13 พ.ค. 2567,258.00,205088.31,31 มี.ค. 2567,27.71,7.95,32.45,1.74,2567
45,งบปี 2563 31 มี.ค. 2563,BTS,173100.48,105854.89,54923.01,52617.18,38680.65,5593.44,8161.75,0.65,,7.28,17.43,22.8,BTS-2563,30 ธ.ค. 2563,9.30,122397.20,30 ก.ย. 2563,17.00,2.40,3.88,5.16,2563
46,งบปี 2564 31 มี.ค. 2564,BTS,212062.43,136025.07,60161.68,52644.52,42379.1,-1664.42,4576.27,0.35,,5.09,7.95,12.65,BTS-2564,30 ธ.ค. 2564,9.35,123085.73,30 ก.ย. 2564,23.11,2.06,4.53,3.31,2564
47,งบปี 2565 31 มี.ค. 2565,BTS,255866.57,169739.04,62062.84,52657.91,31194.5,-131.44,3825.58,0.29,,3.55,6.26,12.44,BTS-2565,30 ธ.ค. 2565,8.40,110608.16,30 ก.ย. 2565,38.45,1.81,4.65,3.69,2565
48,งบปี 2566 31 มี.ค. 2566,BTS,270925.96,189604.06,56073.41,52670.55,24138.72,350.1,1836.48,0.14,,2.65,3.11,6.72,BTS-2566,28 ธ.ค. 2566,7.25,95465.38,30 ก.ย. 2566,306.93,1.79,4.06,4.28,2566
49,งบ 9 เดือน2567 31 ธ.ค. 2566,BTS,273550.0,206227.94,46942.57,52670.55,19675.97,-1994.91,-5277.09,-0.4,,-0.11,-10.14,-35.07,BTS-2566,28 ธ.ค. 2566,7.25,95465.38,30 ก.ย. 2566,306.93,1.79,4.06,4.28,2566
50,งบปี 2563 31 ธ.ค. 2563,CBG,17086.68,6929.39,9956.01,1000.00,17386.29,-,3525.03,3.53,,27.20,38.06,20.47,CBG-2563,30 ธ.ค. 2563,114.50,114500.00,30 ก.ย. 2563,33.14,12.60,9.09,1.48,2563
51,งบปี 2564 31 ธ.ค. 2564,CBG,19185.65,9074.86,10209.29,1000.00,17570.33,-,2881.00,2.88,,18.99,28.57,16.18,CBG-2564,30 ธ.ค. 2564,119.50,119500.00,30 ก.ย. 2564,38.04,12.44,9.61,2.01,2564
52,งบปี 2565 31 ธ.ค. 2565,CBG,20038.93,9473.89,10682.56,1000.0,19454.81,4.56,2286.2,2.29,,14.27,21.89,11.57,CBG-2565,30 ธ.ค. 2565,96.75,96750.00,30 ก.ย. 2565,38.84,9.41,10.28,1.96,2565
53,งบปี 2566 31 ธ.ค. 2566,CBG,19543.5,8231.01,11490.79,1000.0,19045.71,8.5,1924.24,1.92,,12.23,17.36,9.98,CBG-2566,28 ธ.ค. 2566,82.50,82500.00,30 ก.ย. 2566,49.02,7.61,10.85,1.82,2566
54,ไตรมาส 1/2567 31 มี.ค. 2567,CBG,18624.97,6667.13,12138.72,1000.0,4976.42,2.79,628.23,0.63,,15.14,19.82,12.5,CBG-2567,13 พ.ค. 2567,71.25,71250.00,31 มี.ค. 2567,31.13,5.87,12.14,1.26,2567
55,งบปี 2562 31 ธ.ค. 2562,CENTEL,27589.6,13445.98,13670.32,1350.0,21291.05,29.4,1744.24,1.29,,8.53,13.13,8.5,CENTEL-2562,,,,,,,,,
56,งบปี 2563 31 ธ.ค. 2563,CENTEL,35350.14,25134.59,9922.77,1350.0,13249.45,-20.94,-2775.11,-2.06,,-8.47,-23.52,-21.87,CENTEL-2563,30 ธ.ค. 2563,23.70,31995.00,30 ก.ย. 2563,-,2.81,8.43,-,2563
57,งบปี 2564 31 ธ.ค. 2564,CENTEL,48592.54,30160.85,18076.41,1350.0,11635.4,-64.08,-1733.21,-1.28,,-2.66,-12.38,-15.1,CENTEL-2564,30 ธ.ค. 2564,31.25,42187.50,30 ก.ย. 2564,-,2.35,13.32,-,2564
58,งบปี 2565 31 ธ.ค. 2565,CENTEL,48165.59,29274.86,18518.13,1350.0,18215.75,-43.57,398.08,0.29,,2.64,2.18,2.28,CENTEL-2565,30 ธ.ค. 2565,50.25,67837.50,30 ก.ย. 2565,1288.68,3.68,13.67,-,2565
59,งบปี 2566 31 ธ.ค. 2566,CENTEL,54203.61,34185.63,19675.06,1350.0,22547.24,-62.2,1248.1,0.92,,5.27,6.54,5.57,CENTEL-2566,28 ธ.ค. 2566,43.75,59062.50,30 ก.ย. 2566,44.70,3.01,14.56,-,2566
60,งบปี 2562 31 ธ.ค. 2562,COM7,9159.67,5783.52,3373.79,300.0,33390.19,37.87,1216.32,1.01,,18.59,39.59,3.64,COM7-2562,,,,,,,,,
61,งบปี 2563 31 ธ.ค. 2563,COM7,9206.72,5335.89,3852.29,300.0,37352.9,105.3,1490.68,1.24,,20.43,41.26,4.0,COM7-2563,30 ธ.ค. 2563,39.00,46800.00,30 ก.ย. 2563,35.46,14.17,2.75,2.05,2563
62,งบปี 2564 31 ธ.ค. 2564,COM7,15965.74,10664.99,5284.86,300.0,51154.66,118.4,2630.39,2.19,,25.67,57.58,5.14,COM7-2564,30 ธ.ค. 2564,81.75,98100.00,30 ก.ย. 2564,43.04,22.42,3.65,1.22,2564
63,งบปี 2565 31 ธ.ค. 2565,COM7,19162.45,11910.55,7154.47,600.00,63025.62,-,3037.71,1.27,,22.41,48.84,4.86,COM7-2565,30 ธ.ค. 2565,34.00,81599.94,30 ก.ย. 2565,26.72,12.78,2.66,1.48,2565
64,งบปี 2566 31 ธ.ค. 2566,COM7,22976.25,14788.64,8046.76,600.0,69641.67,67.37,2857.17,1.19,,17.82,37.59,4.21,COM7-2566,28 ธ.ค. 2566,23.80,57119.96,30 ก.ย. 2566,18.32,7.58,3.14,3.17,2566
65,งบปี 2563 31 ธ.ค. 2563,CPALL,523354.33,411759.3,96758.74,8983.1,546364.02,162.56,16102.42,1.68,,6.18,16.91,3.02,CPALL-2563,30 ธ.ค. 2563,58.25,523265.65,30 ก.ย. 2563,27.99,5.62,10.36,2.15,2563
66,งบปี 2564 31 ธ.ค. 2564,CPALL,931892.56,639085.34,104134.13,8983.1,587189.76,6895.02,12985.48,1.33,,3.47,12.93,2.05,CPALL-2564,30 ธ.ค. 2564,59.00,530002.98,30 ก.ย. 2564,53.78,5.52,10.69,1.53,2564
67,งบปี 2565 31 ธ.ค. 2565,CPALL,924061.49,633760.19,100724.2,8983.1,852605.22,822.11,13271.71,1.39,,3.98,12.96,1.9,CPALL-2565,30 ธ.ค. 2565,68.25,613096.67,30 ก.ย. 2565,36.41,6.22,10.98,0.88,2565
68,งบปี 2566 31 ธ.ค. 2566,CPALL,926491.19,624896.08,110995.45,8983.1,920841.35,1091.98,18482.13,2.01,,4.65,17.46,2.37,CPALL-2566,28 ธ.ค. 2566,56.00,503053.68,30 ก.ย. 2566,31.20,4.71,11.89,1.34,2566
69,ไตรมาส 1/2567 31 มี.ค. 2567,CPALL,921360.83,613021.05,118169.37,8983.1,241008.84,471.46,6319.4,0.69,,5.0,18.55,3.03,CPALL-2567,13 พ.ค. 2567,60.50,543477.63,31 มี.ค. 2567,26.28,4.60,13.15,1.65,2567
70,งบปี 2562 31 ธ.ค. 2562,CPF,634050.56,415178.17,168275.26,8611.24,536775.52,16992.9,18455.81,2.18,,6.87,11.06,4.49,CPF-2562,,,,,,,,,
71,งบปี 2563 31 ธ.ค. 2563,CPF,761719.09,499540.52,191936.79,8611.24,595011.1,21974.32,26022.39,3.14,,10.3,14.45,7.41,CPF-2563,30 ธ.ค. 2563,26.75,230350.73,30 ก.ย. 2563,9.53,1.17,22.79,2.68,2563
72,งบปี 2564 31 ธ.ค. 2564,CPF,842680.62,555543.77,215066.99,8611.24,517584.4,13160.64,13028.26,1.56,,4.15,6.4,2.72,CPF-2564,30 ธ.ค. 2564,25.50,219586.68,30 ก.ย. 2564,16.86,1.02,24.94,3.94,2564
73,งบปี 2565 31 ธ.ค. 2565,CPF,926987.18,627143.64,256052.65,8611.24,619017.57,9567.75,13969.55,1.69,,4.61,5.93,2.33,CPF-2565,30 ธ.ค. 2565,24.80,213558.81,30 ก.ย. 2565,11.01,0.81,30.74,2.63,2565
74,งบปี 2566 31 ธ.ค. 2566,CPF,887217.85,602184.76,239416.23,8413.57,590786.78,14216.43,-5207.35,-0.75,,2.6,-2.1,-0.43,CPF-2566,28 ธ.ค. 2566,19.60,164905.94,30 ก.ย. 2566,-,0.68,28.62,3.89,2566
75,งบปี 2563 31 ธ.ค. 2563,CPN,221773.51,144650.21,68790.05,2244.0,33161.11,1041.59,9557.1,2.13,,6.96,13.56,29.0,CPN-2563,30 ธ.ค. 2563,47.75,214302.00,30 ก.ย. 2563,19.04,3.22,14.84,1.68,2563
76,งบปี 2564 31 ธ.ค. 2564,CPN,263420.84,181345.65,73102.18,2244.0,30397.53,703.96,7148.45,1.59,,4.46,10.08,23.78,CPN-2564,30 ธ.ค. 2564,56.50,253572.00,30 ก.ย. 2564,34.37,3.54,15.97,1.24,2564
77,งบปี 2565 31 ธ.ค. 2565,CPN,272691.93,183071.74,81474.94,2244.0,38707.0,1559.58,10759.89,2.4,,5.81,13.92,28.09,CPN-2565,30 ธ.ค. 2565,71.00,318648.00,30 ก.ย. 2565,32.49,4.02,17.66,0.85,2565
78,งบปี 2566 31 ธ.ค. 2566,CPN,279872.72,179290.99,92272.9,2244.0,48336.84,2133.13,15061.62,3.36,,7.71,17.34,31.51,CPN-2566,28 ธ.ค. 2566,70.00,314160.00,30 ก.ย. 2566,22.62,3.55,19.72,1.64,2566
79,ไตรมาส 1/2567 31 มี.ค. 2567,CPN,293552.31,188597.65,96617.13,2244.0,12703.09,595.75,4154.17,0.93,,7.96,17.61,33.12,CPN-2567,13 พ.ค. 2567,63.25,283866.00,31 ธ.ค. 2566,18.85,3.08,20.56,2.85,2567
80,งบปี 2562 31 ธ.ค. 2562,CRC,187021.92,146062.59,28249.96,4700.0,222486.15,641.76,10633.26,2.26,,8.74,25.44,5.56,CRC-2562,,,,,,,,,
81,งบปี 2563 31 ธ.ค. 2563,CRC,239179.95,183464.98,53393.74,6031.0,194311.43,131.92,46.27,0.01,,1.13,0.11,0.18,CRC-2563,30 ธ.ค. 2563,30.75,185453.25,30 ก.ย. 2563,37.31,3.18,9.68,-,2563
82,งบปี 2564 31 ธ.ค. 2564,CRC,263227.82,204146.57,56388.47,6031.0,195653.81,279.08,59.37,0.01,,1.2,0.11,0.14,CRC-2564,30 ธ.ค. 2564,32.00,192992.00,30 ก.ย. 2564,-,3.49,9.16,1.25,2564
83,งบปี 2565 31 ธ.ค. 2565,CRC,275984.44,211099.29,62122.89,6031.0,236244.78,820.06,7174.99,1.19,,4.78,12.11,3.22,CRC-2565,30 ธ.ค. 2565,46.25,278933.75,30 ก.ย. 2565,44.74,4.37,10.60,0.65,2565
84,งบปี 2566 31 ธ.ค. 2566,CRC,287097.11,216836.84,67059.51,6031.0,248688.43,990.01,8016.31,1.33,,5.23,12.41,3.43,CRC-2566,28 ธ.ค. 2566,41.00,247271.00,30 ก.ย. 2566,30.19,3.66,11.21,1.17,2566
85,งบปี 2563 31 ธ.ค. 2563,DELTA,57218.93,19611.5,37611.74,1247.38,63826.88,353.7,7101.64,5.69,,14.07,20.11,11.05,DELTA-2563,30 ธ.ค. 2563,486.00,606227.46,30 ก.ย. 2563,102.70,16.43,29.58,0.37,2563
86,งบปี 2564 31 ธ.ค. 2564,DELTA,69338.37,27934.07,41404.3,1247.38,84814.62,1017.82,6699.01,5.37,,10.75,16.96,7.9,DELTA-2564,30 ธ.ค. 2564,412.00,513921.22,30 ก.ย. 2564,83.09,12.96,31.79,0.80,2564
87,งบปี 2565 31 ธ.ค. 2565,DELTA,90984.48,36304.72,54679.76,1247.38,119501.16,449.87,15344.55,12.3,,19.75,31.94,12.84,DELTA-2565,30 ธ.ค. 2565,830.00,1035326.74,30 ก.ย. 2565,78.14,20.11,41.27,0.20,2565
88,งบปี 2566 31 ธ.ค. 2566,DELTA,108144.99,40606.44,67538.55,1247.38,147675.04,675.37,18422.54,1.48,,19.69,30.15,12.48,DELTA-2566,28 ธ.ค. 2566,88.00,1097695.82,30 ก.ย. 2566,61.32,17.08,5.15,0.45,2566
89,ไตรมาส 1/2567 31 มี.ค. 2567,DELTA,112628.8,39306.18,73322.62,1247.38,38499.79,229.56,4307.51,0.35,,19.6,29.1,11.19,DELTA-2567,13 พ.ค. 2567,70.75,882522.49,31 มี.ค. 2567,46.17,12.04,5.88,0.64,2567
90,งบปี 2562 31 ธ.ค. 2562,EA,70219.69,45353.23,23364.51,373.0,14954.54,145.82,6081.62,1.63,,11.44,29.31,40.3,EA-2562,,,,,,,,,
91,งบปี 2563 31 ธ.ค. 2563,EA,78483.77,48856.89,27811.52,373.0,17199.14,16.65,5204.57,1.4,,8.97,20.34,29.35,EA-2563,30 ธ.ค. 2563,49.25,183702.50,30 ก.ย. 2563,33.58,6.90,7.14,0.61,2563
92,งบปี 2564 31 ธ.ค. 2564,EA,85476.25,50374.53,32501.02,373.0,20558.1,92.82,6100.07,1.64,,8.93,20.23,28.84,EA-2564,30 ธ.ค. 2564,96.00,358080.00,30 ก.ย. 2564,62.79,11.65,8.24,0.31,2564
93,งบปี 2565 31 ธ.ค. 2565,EA,103364.34,62059.99,38928.97,373.0,27546.81,238.62,7604.29,2.04,,9.49,21.29,26.89,EA-2565,30 ธ.ค. 2565,97.00,361810.00,30 ก.ย. 2565,49.47,9.89,9.81,0.31,2565
94,งบปี 2566 31 ธ.ค. 2566,EA,114229.34,70219.72,41699.37,373.0,31597.76,-492.76,7606.17,2.04,,9.21,18.87,23.74,EA-2566,28 ธ.ค. 2566,44.25,165052.50,30 ก.ย. 2566,19.08,3.76,11.77,0.68,2566
95,งบปี 2562 31 ธ.ค. 2562,EGCO,208522.6,103416.2,104490.41,5264.65,41055.02,6105.1,13059.24,24.81,,7.34,12.76,31.97,EGCO-2562,,,,,,,,,
96,งบปี 2563 31 ธ.ค. 2563,EGCO,214437.69,111603.45,102243.2,5264.65,37782.97,5698.85,8733.03,16.59,,6.62,8.45,23.18,EGCO-2563,30 ธ.ค. 2563,192.50,101344.51,30 ก.ย. 2563,10.70,1.00,193.42,3.38,2563
97,งบปี 2564 31 ธ.ค. 2564,EGCO,241932.0,127895.31,113440.87,5264.65,38136.94,6100.82,4103.84,7.8,,5.71,3.81,10.8,EGCO-2564,30 ธ.ค. 2564,175.50,92394.61,30 ก.ย. 2564,18.58,0.82,214.34,3.70,2564
98,งบปี 2565 31 ธ.ค. 2565,EGCO,254043.13,133245.75,120494.07,5264.65,61725.28,3129.68,2683.1,5.1,,3.74,2.29,4.25,EGCO-2565,30 ธ.ค. 2565,172.50,90815.21,30 ก.ย. 2565,23.40,0.70,247.36,3.77,2565
99,งบปี 2566 31 ธ.ค. 2566,EGCO,243232.67,138006.96,104926.97,5264.65,53283.79,-10005.48,-8384.07,-15.93,,-1.27,-7.44,-15.74,EGCO-2566,28 ธ.ค. 2566,128.00,67387.52,30 ก.ย. 2566,12.05,0.53,242.91,5.08,2566
100,งบปี 2563 31 ธ.ค. 2563,GLOBAL,36020.3,18806.46,16981.18,4401.61,27353.89,23.35,1955.96,0.44,,7.43,11.89,7.22,GLOBAL-2563,30 ธ.ค. 2563,17.00,74827.37,30 ก.ย. 2563,34.45,4.50,3.78,1.15,2563
101,งบปี 2564 31 ธ.ค. 2564,GLOBAL,39274.6,19438.55,19560.85,4601.67,34116.11,80.75,3343.58,0.73,,11.48,18.3,9.85,GLOBAL-2564,30 ธ.ค. 2564,20.00,92033.42,30 ก.ย. 2564,30.94,4.89,4.09,0.89,2564
102,งบปี 2565 31 ธ.ค. 2565,GLOBAL,39148.21,17057.12,21787.54,4801.74,35978.4,119.54,3486.87,0.73,,11.54,16.87,9.74,GLOBAL-2565,30 ธ.ค. 2565,22.40,107558.90,30 ก.ย. 2565,29.02,5.04,4.45,1.09,2565
103,งบปี 2566 31 ธ.ค. 2566,GLOBAL,39057.89,15510.68,23239.2,5001.8,33013.75,134.98,2671.43,0.53,,9.16,11.87,8.11,GLOBAL-2566,28 ธ.ค. 2566,17.20,86031.01,30 ก.ย. 2566,32.61,3.78,4.55,1.42,2566
104,ไตรมาส 1/2567 31 มี.ค. 2567,GLOBAL,40767.36,16437.93,24003.7,5001.8,8980.11,50.66,725.27,0.14,,8.62,10.77,8.06,GLOBAL-2567,13 พ.ค. 2567,16.10,80529.03,31 มี.ค. 2567,33.31,3.49,4.80,1.04,2567
105,งบปี 2563 31 ธ.ค. 2563,GPSC,256656.32,144788.95,102901.39,28197.29,70982.68,925.67,7508.13,2.66,,5.31,7.37,11.96,GPSC-2563,30 ธ.ค. 2563,73.75,207955.04,30 ก.ย. 2563,28.90,2.06,35.88,1.44,2563
106,งบปี 2564 31 ธ.ค. 2564,GPSC,270379.12,152631.58,108334.28,28197.29,78148.08,1442.78,7318.58,2.6,,4.89,6.93,10.03,GPSC-2564,30 ธ.ค. 2564,88.75,250250.98,30 ก.ย. 2564,32.89,2.37,37.40,1.69,2564
107,งบปี 2565 31 ธ.ค. 2565,GPSC,288810.09,173709.87,104729.96,28197.29,126416.06,1597.92,891.45,0.32,,1.92,0.84,1.15,GPSC-2565,30 ธ.ค. 2565,73.00,205840.24,30 ก.ย. 2565,82.46,1.92,38.05,2.05,2565
108,งบปี 2566 31 ธ.ค. 2566,GPSC,281703.1,164178.28,106195.04,28197.29,92297.35,1282.37,3694.22,1.31,,3.72,3.5,5.21,GPSC-2566,28 ธ.ค. 2566,48.50,136756.87,30 ก.ย. 2566,49.19,1.27,38.21,1.03,2566
109,ไตรมาส 1/2567 31 มี.ค. 2567,GPSC,309890.56,189397.24,109042.62,28197.29,24109.55,-7.74,864.02,0.31,,3.53,3.22,4.4,GPSC-2567,13 พ.ค. 2567,49.25,138871.67,31 มี.ค. 2567,40.36,1.27,38.67,1.50,2567
110,งบปี 2563 31 ธ.ค. 2563,GULF,245580.51,173500.69,64027.15,11733.15,33370.44,2328.31,4282.11,0.39,,5.22,8.36,18.41,GULF-2563,30 ธ.ค. 2563,34.25,401860.39,30 ก.ย. 2563,120.22,6.88,4.98,0.69,2563
111,งบปี 2564 31 ธ.ค. 2564,GULF,362673.85,255164.71,96595.95,11733.15,49983.74,1811.26,7670.3,0.65,,4.97,9.55,18.34,GULF-2564,30 ธ.ค. 2564,45.75,536791.61,30 ก.ย. 2564,82.95,6.02,7.60,0.83,2564
112,งบปี 2565 31 ธ.ค. 2565,GULF,418171.96,282370.43,110786.96,11733.15,95076.17,5694.0,11417.56,0.97,,5.92,11.01,14.84,GULF-2565,30 ธ.ค. 2565,55.25,648256.54,30 ก.ย. 2565,71.59,6.07,9.11,0.80,2565
113,งบปี 2566 31 ธ.ค. 2566,GULF,459514.17,315409.71,116584.98,11733.15,116950.73,9475.04,14857.73,1.27,,6.95,13.07,17.11,GULF-2566,28 ธ.ค. 2566,44.50,522125.17,30 ก.ย. 2566,33.68,4.48,9.93,1.35,2566
114,ไตรมาส 1/2567 31 มี.ค. 2567,GULF,472868.5,324562.51,120638.17,11733.15,32279.92,1293.99,3498.53,0.3,,6.48,12.42,12.46,GULF-2567,13 พ.ค. 2567,41.00,481059.15,31 มี.ค. 2567,33.16,3.99,10.28,2.15,2567
115,งบปี 2563 31 ธ.ค. 2563,HMPRO,56090.77,34525.53,21565.24,13151.20,61765.43,-,5154.70,0.39,,12.30,24.14,8.35,HMPRO-2563,30 ธ.ค. 2563,13.70,180171.41,30 ก.ย. 2563,33.63,9.00,1.52,2.77,2563
116,งบปี 2564 31 ธ.ค. 2564,HMPRO,58586.35,35695.91,22890.43,13151.20,63925.79,-,5440.52,0.41,,12.28,24.48,8.51,HMPRO-2564,30 ธ.ค. 2564,14.50,190692.37,30 ก.ย. 2564,36.60,9.06,1.60,2.07,2564
117,งบปี 2565 31 ธ.ค. 2565,HMPRO,65184.74,40938.86,24245.88,13151.20,69389.43,-,6217.09,0.47,,13.07,26.38,8.96,HMPRO-2565,30 ธ.ค. 2565,15.50,203843.57,30 ก.ย. 2565,32.16,9.02,1.72,2.06,2565
118,งบปี 2566 31 ธ.ค. 2566,HMPRO,69047.89,43489.10,25558.78,13151.20,72821.77,-,6441.56,0.49,,12.69,25.87,8.85,HMPRO-2566,28 ธ.ค. 2566,11.70,153869.02,30 ก.ย. 2566,23.98,6.44,1.82,3.25,2566
119,ไตรมาส 1/2567 31 มี.ค. 2567,HMPRO,67849.12,40575.64,27273.48,13151.2,18795.54,0.05,1712.84,0.13,,13.08,24.63,9.11,HMPRO-2567,13 พ.ค. 2567,10.10,132827.10,31 มี.ค. 2567,20.30,4.87,2.07,3.96,2567
120,งบปี 2563 31 ธ.ค. 2563,INTUCH,52636.61,8495.84,38063.61,3206.51,4571.97,11049.11,11047.65,3.45,,22.84,30.44,248.33,INTUCH-2563,30 ธ.ค. 2563,56.25,180366.16,30 ก.ย. 2563,17.56,5.09,11.06,4.71,2563
121,งบปี 2564 31 ธ.ค. 2564,INTUCH,53983.6,7282.72,40686.76,3206.6,3735.01,10990.91,10748.22,3.35,,20.79,27.3,290.16,INTUCH-2564,30 ธ.ค. 2564,80.25,257329.53,30 ก.ย. 2564,23.82,6.77,11.86,3.12,2564
122,งบปี 2565 31 ธ.ค. 2565,INTUCH,43041.02,7488.41,36317.77,3206.69,61.05,10519.23,10533.09,3.28,,21.44,27.36,17301.2,INTUCH-2565,30 ธ.ค. 2565,77.25,247716.62,30 ก.ย. 2565,24.13,6.58,11.74,3.66,2565
123,งบปี 2566 31 ธ.ค. 2566,INTUCH,40511.04,96.69,39815.53,3206.69,32.44,11761.92,13138.58,4.1,,34.72,34.51,44694.97,INTUCH-2566,28 ธ.ค. 2566,71.50,229278.17,30 ก.ย. 2566,19.57,6.46,11.07,6.60,2566
124,ไตรมาส 1/2567 31 มี.ค. 2567,INTUCH,43742.02,5530.02,37613.54,3206.69,9.5,3418.18,3261.59,1.02,,35.48,38.29,34332.11,INTUCH-2567,13 พ.ค. 2567,68.75,220459.78,31 มี.ค. 2567,16.08,5.86,11.73,4.61,2567
125,งบปี 2563 31 ธ.ค. 2563,IVL,453171.51,317563.72,126655.0,5614.55,336542.78,262.25,2414.28,0.3,,2.21,1.88,0.83,IVL-2563,30 ธ.ค. 2563,37.00,207738.42,30 ก.ย. 2563,-,1.61,23.00,3.31,2563
126,งบปี 2564 31 ธ.ค. 2564,IVL,541828.24,370824.81,158768.67,5614.55,473072.95,-136.95,26288.03,4.55,,8.46,18.42,5.97,IVL-2564,30 ธ.ค. 2564,43.25,242829.37,30 ก.ย. 2564,10.94,1.56,27.73,1.62,2564
127,งบปี 2565 31 ธ.ค. 2565,IVL,623878.39,422993.01,185989.67,5614.55,665548.57,953.37,31006.08,5.39,,8.68,17.99,5.16,IVL-2565,30 ธ.ค. 2565,40.75,228792.99,30 ก.ย. 2565,4.78,1.08,37.70,2.45,2565
128,งบปี 2566 31 ธ.ค. 2566,IVL,590131.97,412064.05,164362.29,5614.55,547731.79,-458.25,-10797.94,-2.06,,0.29,-6.16,-1.99,IVL-2566,28 ธ.ค. 2566,27.25,152996.54,30 ก.ย. 2566,-,0.81,33.77,5.87,2566
129,ไตรมาส 1/2567 31 มี.ค. 2567,IVL,627389.05,438493.17,174057.56,5614.55,137627.34,-595.24,1133.0,0.17,,0.64,-5.97,0.74,IVL-2567,13 พ.ค. 2567,24.30,136433.61,31 ธ.ค. 2566,-,0.83,29.27,3.81,2567
130,งบปี 2562 31 ธ.ค. 2562,KBANK,3293888.99,2840174.27,406357.62,23932.6,185002.38,16818.44,38726.74,16.18,,2.52,9.9,23.48,KBANK-2562,,,,,,,,,
131,งบปี 2563 31 ธ.ค. 2563,KBANK,3658797.76,3167511.71,439669.63,23693.28,176921.41,9234.39,29487.12,12.42,,1.72,6.97,19.04,KBANK-2563,30 ธ.ค. 2563,113.00,267734.02,30 ก.ย. 2563,10.70,0.66,172.50,4.43,2563
132,งบปี 2564 31 ธ.ค. 2564,KBANK,4103398.52,3566723.5,476713.71,23693.28,258001.38,5662.07,38052.72,15.77,,1.75,8.3,16.37,KBANK-2564,30 ธ.ค. 2564,142.00,336444.52,30 ก.ย. 2564,8.12,0.72,195.99,1.76,2564
133,งบปี 2565 31 ธ.ค. 2565,KBANK,4246368.88,3679289.45,503269.88,23693.28,271302.26,5037.33,35769.49,14.78,,1.56,7.3,13.99,KBANK-2565,30 ธ.ค. 2565,147.50,349475.82,30 ก.ย. 2565,8.23,0.70,211.13,2.20,2565
134,งบปี 2566 31 ธ.ค. 2566,KBANK,4283556.38,3686721.07,532284.77,23693.28,306529.43,11500.23,42405.04,17.58,,2.13,8.19,14.7,KBANK-2566,28 ธ.ค. 2566,135.00,319859.23,30 ก.ย. 2566,8.83,0.61,221.65,2.96,2566
135,งบปี 2562 31 ธ.ค. 2562,KCE,16501.0,4739.06,11712.33,586.4,12288.69,19.17,934.49,0.8,,6.07,7.9,7.73,KCE-2562,,,,,,,,,
136,งบปี 2563 31 ธ.ค. 2563,KCE,17377.04,5315.02,12009.88,589.03,11741.86,9.84,1126.79,0.96,,7.6,9.5,9.73,KCE-2563,30 ธ.ค. 2563,41.50,48889.58,30 ก.ย. 2563,48.99,4.23,9.84,1.92,2563
137,งบปี 2564 31 ธ.ค. 2564,KCE,21950.73,8508.64,13380.41,590.79,15329.77,17.41,2426.28,2.06,,13.86,19.11,16.05,KCE-2564,30 ธ.ค. 2564,88.00,103979.88,30 ก.ย. 2564,49.38,8.20,10.73,0.91,2564
138,งบปี 2565 31 ธ.ค. 2565,KCE,20993.48,7548.17,13389.47,590.98,18786.59,18.55,2317.23,1.96,,11.93,17.31,12.49,KCE-2565,30 ธ.ค. 2565,46.50,54961.40,30 ก.ย. 2565,21.83,4.27,10.90,3.44,2565
139,งบปี 2566 31 ธ.ค. 2566,KCE,19193.32,5444.04,13688.51,591.04,16683.36,14.17,1719.58,1.45,,9.87,12.7,10.47,KCE-2566,28 ธ.ค. 2566,55.00,65014.87,30 ก.ย. 2566,37.33,4.91,11.19,2.91,2566
140,งบปี 2562 31 ธ.ค. 2562,KTB,3012216.12,2663889.73,338287.3,72005.04,157678.72,8992.87,29284.04,2.09,,2.57,9.09,20.38,KTB-2562,,,,,,,,,
141,งบปี 2563 31 ธ.ค. 2563,KTB,3327780.27,2972716.68,343465.75,72005.04,147758.14,6145.63,16731.59,1.2,,1.53,4.91,13.16,KTB-2563,30 ธ.ค. 2563,11.10,155134.28,30 ก.ย. 2563,7.48,0.46,24.24,6.78,2563
142,งบปี 2564 31 ธ.ค. 2564,KTB,3556744.44,3182633.0,360052.89,72005.04,140309.27,5224.75,21588.29,1.54,,1.51,6.14,17.5,KTB-2564,30 ธ.ค. 2564,13.20,184484.01,30 ก.ย. 2564,9.18,0.52,25.32,2.08,2564
143,งบปี 2565 31 ธ.ค. 2565,KTB,3592418.86,3199846.83,376304.77,72005.04,149675.44,6566.25,33697.74,2.41,,1.94,9.15,24.86,KTB-2565,30 ธ.ค. 2565,17.70,247376.28,30 ก.ย. 2565,8.11,0.68,25.89,2.36,2565
144,งบปี 2566 31 ธ.ค. 2566,KTB,3677684.45,3256838.16,402376.08,72005.04,189487.17,6726.74,36615.91,2.62,,2.45,9.4,21.28,KTB-2566,28 ธ.ค. 2566,18.40,257159.53,30 ก.ย. 2566,6.66,0.66,27.98,3.71,2566
145,งบปี 2562 31 ธ.ค. 2562,KTC,85409.26,65674.22,19707.71,2578.33,18979.96,149.11,5524.07,2.14,,9.92,28.03,29.1,KTC-2562,,,,,,,,,
146,งบปี 2563 31 ธ.ค. 2563,KTC,88403.31,65553.04,22798.95,2578.33,18891.0,46.25,5332.87,2.07,,9.42,25.09,28.22,KTC-2563,30 ธ.ค. 2563,59.50,153410.88,30 ก.ย. 2563,28.78,7.15,8.32,1.48,2563
147,งบปี 2564 31 ธ.ค. 2564,KTC,89471.09,62386.69,26836.36,2578.33,21441.67,10.67,5878.69,2.28,,9.75,23.69,27.0,KTC-2564,30 ธ.ค. 2564,59.25,152766.29,30 ก.ย. 2564,25.67,5.98,9.91,1.49,2564
148,งบปี 2565 31 ธ.ค. 2565,KTC,101795.99,70220.24,31353.22,2578.33,23170.28,78.5,7079.4,2.75,,10.73,24.33,30.44,KTC-2565,30 ธ.ค. 2565,59.00,152121.71,30 ก.ย. 2565,22.84,5.13,11.51,1.69,2565
149,งบปี 2566 31 ธ.ค. 2566,KTC,112813.68,76968.2,35681.57,2578.33,25281.88,183.6,7295.39,2.83,,10.04,21.77,28.68,KTC-2566,28 ธ.ค. 2566,43.50,112157.53,30 ก.ย. 2566,15.58,3.31,13.16,2.64,2566
150,งบปี 2562 31 ธ.ค. 2562,LH,113139.05,59956.18,52463.31,11949.71,31241.74,5786.94,10024.91,0.84,,11.22,19.57,32.16,LH-2562,,,,,,,,,
151,งบปี 2563 31 ธ.ค. 2563,LH,122571.06,71970.38,49903.62,11949.71,30965.09,2908.6,7144.92,0.6,,7.83,13.96,23.0,LH-2563,30 ธ.ค. 2563,7.95,95000.22,30 ก.ย. 2563,10.63,2.00,3.98,8.81,2563
152,งบปี 2564 31 ธ.ค. 2564,LH,125198.06,74551.76,49946.81,11949.71,33031.78,2811.07,6936.13,0.58,,7.53,13.89,21.01,LH-2564,30 ธ.ค. 2564,8.80,105157.48,30 ก.ย. 2564,14.45,2.19,4.01,5.68,2564
153,งบปี 2565 31 ธ.ค. 2565,LH,123948.76,71664.01,51578.97,11949.71,36482.29,3160.39,8312.52,0.7,,8.74,16.38,22.8,LH-2565,30 ธ.ค. 2565,9.90,118302.16,30 ก.ย. 2565,14.19,2.38,4.15,5.05,2565
154,งบปี 2566 31 ธ.ค. 2566,LH,131919.69,79686.7,51512.53,11949.71,27669.56,5800.35,7481.89,0.63,,7.69,14.52,27.09,LH-2566,28 ธ.ค. 2566,8.15,97390.16,30 ก.ย. 2566,16.28,2.03,4.01,7.36,2566
155,งบปี 2562 31 ธ.ค. 2562,MINT,254183.77,168315.92,75461.25,4619.0,129061.6,827.51,10697.93,2.04,,6.66,14.52,8.52,MINT-2562,,,,,,,,,
156,งบปี 2563 31 ธ.ค. 2563,MINT,362326.52,286002.61,66980.9,5182.33,58695.64,-463.9,-21407.34,-4.71,,-5.74,-30.06,-38.68,MINT-2563,30 ธ.ค. 2563,25.75,133445.12,30 ก.ย. 2563,-,1.83,14.09,-,2563
157,งบปี 2564 31 ธ.ค. 2564,MINT,369632.89,290140.46,68022.67,5213.77,76211.26,1260.38,-13166.51,-2.83,,-2.41,-19.51,-18.6,MINT-2564,30 ธ.ค. 2564,28.75,149895.88,30 ก.ย. 2564,-,2.78,10.38,-,2564
158,งบปี 2565 31 ธ.ค. 2565,MINT,358209.76,275600.79,71058.94,5275.01,124205.85,1670.18,4286.37,0.54,,4.38,6.16,3.64,MINT-2565,30 ธ.ค. 2565,32.25,170119.23,30 ก.ย. 2565,207.87,2.35,13.71,-,2565
159,งบปี 2566 31 ธ.ค. 2566,MINT,359195.92,271901.37,76637.22,5595.8,153049.24,-876.97,5407.06,0.65,,5.81,7.32,3.98,MINT-2566,28 ธ.ค. 2566,29.50,165076.04,30 ก.ย. 2566,26.06,2.14,13.80,0.81,2566
160,งบปี 2563 31 ธ.ค. 2563,MTC,77221.88,56539.74,20682.13,2120.0,14732.59,36.14,5213.92,2.46,,11.98,28.45,35.39,MTC-2563,30 ธ.ค. 2563,59.00,125080.00,30 ก.ย. 2563,25.14,6.48,9.11,0.51,2563
161,งบปี 2564 31 ธ.ค. 2564,MTC,98389.84,73521.34,24868.5,2120.0,16018.74,19.51,4944.55,2.33,,9.49,21.71,30.87,MTC-2564,30 ธ.ค. 2564,58.75,124550.00,30 ก.ย. 2564,23.89,5.24,11.20,0.63,2564
162,งบปี 2565 31 ธ.ค. 2565,MTC,128066.2,98975.6,29090.6,2120.0,20068.49,-393.68,5093.09,2.4,,8.1,18.88,25.38,MTC-2565,30 ธ.ค. 2565,38.00,80560.00,30 ก.ย. 2565,15.92,2.88,13.21,0.97,2565
163,งบปี 2566 31 ธ.ค. 2566,MTC,150155.95,118239.15,31916.80,2120.00,24526.18,-,4906.47,2.31,,7.18,16.08,20.01,MTC-2566,28 ธ.ค. 2566,45.00,95400.00,30 ก.ย. 2566,20.35,3.11,14.45,2.11,2566
164,ไตรมาส 1/2567 31 มี.ค. 2567,MTC,153163.27,119871.85,33291.41,2120.0,6630.56,-275.83,1389.38,0.66,,7.47,16.48,20.95,MTC-2567,13 พ.ค. 2567,47.25,100170.00,31 มี.ค. 2567,19.17,3.01,15.70,0.44,2567
165,งบปี 2563 31 ธ.ค. 2563,OR,144979.3,107063.34,37823.44,90000.0,432848.96,108.31,8791.07,0.98,,8.09,22.97,2.03,OR-2563,,,,,,,,,
166,งบปี 2564 31 ธ.ค. 2564,OR,207658.88,107786.68,99817.78,120000.0,515279.67,837.68,11474.03,0.99,,8.76,16.67,2.23,OR-2564,30 ธ.ค. 2564,27.00,324000.00,30 ก.ย. 2564,26.90,3.35,8.07,0.36,2564
167,งบปี 2565 31 ธ.ค. 2565,OR,225504.39,121743.57,103701.08,120000.0,793418.24,534.33,10370.4,0.86,,6.54,10.19,1.31,OR-2565,30 ธ.ค. 2565,23.80,285600.00,30 ก.ย. 2565,21.21,2.71,8.77,1.93,2565
168,งบปี 2566 31 ธ.ค. 2566,OR,220235.59,110727.81,109442.85,120000.0,774423.18,546.59,11094.07,0.92,,6.69,10.41,1.43,OR-2566,28 ธ.ค. 2566,19.10,229200.00,30 ก.ย. 2566,22.56,2.08,9.19,2.62,2566
169,ไตรมาส 1/2567 31 มี.ค. 2567,OR,221327.96,107395.38,113868.26,120000.0,179120.58,453.13,3723.2,0.31,,7.28,10.74,2.08,OR-2567,13 พ.ค. 2567,18.30,219600.00,31 มี.ค. 2567,18.54,1.93,9.49,2.84,2567
170,งบปี 2562 31 ธ.ค. 2562,OSP,24323.87,6300.72,17871.31,3003.75,26151.32,199.53,3259.01,1.08,,16.74,18.13,12.5,OSP-2562,,,,,,,,,
171,งบปี 2563 31 ธ.ค. 2563,OSP,25855.48,6526.41,19224.1,3003.75,26129.08,225.31,3504.31,1.17,,16.3,18.89,13.15,OSP-2563,30 ธ.ค. 2563,35.50,106633.13,30 ก.ย. 2563,30.67,5.76,6.16,2.82,2563
172,งบปี 2564 31 ธ.ค. 2564,OSP,27141.61,7237.81,19884.37,3003.75,27277.96,263.41,3254.92,1.08,,14.88,16.65,11.68,OSP-2564,30 ธ.ค. 2564,34.25,102878.44,30 ก.ย. 2564,31.61,5.39,6.35,3.21,2564
173,งบปี 2565 31 ธ.ค. 2565,OSP,26153.78,7698.81,18463.74,3003.75,27481.87,314.89,1933.77,0.64,,8.94,10.09,7.0,OSP-2565,30 ธ.ค. 2565,28.25,84855.94,30 ก.ย. 2565,34.66,4.71,5.99,3.89,2565
174,งบปี 2566 31 ธ.ค. 2566,OSP,24401.98,7892.09,16325.59,3003.75,26644.3,145.55,2402.1,0.8,,11.72,13.81,9.09,OSP-2566,28 ธ.ค. 2566,22.00,66082.50,30 ก.ย. 2566,28.66,4.14,5.32,4.09,2566
175,งบปี 2562 31 ธ.ค. 2562,PTT,2484438.68,1183399.06,878604.11,28563.0,2239718.62,21320.82,92950.6,3.2,,7.56,10.6,5.45,PTT-2562,,,,,,,,,
176,งบปี 2563 31 ธ.ค. 2563,PTT,2544182.88,1258337.79,882040.4,28563.0,1633977.16,15713.74,37765.81,1.32,,3.72,4.29,2.44,PTT-2563,30 ธ.ค. 2563,42.50,1213927.34,30 ก.ย. 2563,28.86,1.38,30.73,4.71,2563
177,งบปี 2564 31 ธ.ค. 2564,PTT,3078018.83,1605079.11,1006696.22,28563.0,2287758.51,-29416.61,108363.41,3.79,,8.82,11.47,6.65,PTT-2564,30 ธ.ค. 2564,38.00,1085393.86,30 ก.ย. 2564,11.55,1.11,34.26,2.63,2564
178,งบปี 2565 31 ธ.ค. 2565,PTT,3415632.29,1881939.53,1052590.88,28563.0,3391622.87,-63512.46,91174.86,3.2,,7.69,8.85,3.6,PTT-2565,30 ธ.ค. 2565,33.25,949719.63,30 ก.ย. 2565,9.42,0.88,37.64,6.02,2565
179,งบปี 2566 31 ธ.ค. 2566,PTT,3460461.9,1835486.49,1121197.88,28563.0,3185256.08,12103.41,112023.88,3.92,,8.2,10.31,4.87,PTT-2566,28 ธ.ค. 2566,35.75,1021127.12,30 ก.ย. 2566,10.51,0.91,39.34,5.59,2566
180,งบปี 2563 31 ธ.ค. 2563,PTTEP,675637.1,321226.21,354410.88,3969.99,166599.74,2125.64,22664.01,5.65,,7.34,6.37,13.6,PTTEP-2563,30 ธ.ค. 2563,98.25,390051.07,30 ก.ย. 2563,12.28,1.05,93.31,6.11,2563
181,งบปี 2564 31 ธ.ค. 2564,PTTEP,783535.67,368185.92,415349.75,3969.99,234631.13,-8087.13,38863.6,9.7,,11.91,10.1,16.56,PTTEP-2564,30 ธ.ค. 2564,118.00,468458.28,30 ก.ย. 2564,15.24,1.14,103.12,3.60,2564
182,งบปี 2565 31 ธ.ค. 2565,PTTEP,869864.32,402743.72,467120.61,3969.99,339901.86,-8499.23,70901.34,17.94,,18.32,16.07,20.86,PTTEP-2565,30 ธ.ค. 2565,176.50,700702.42,30 ก.ย. 2565,10.63,1.42,124.71,2.83,2565
183,งบปี 2566 31 ธ.ค. 2566,PTTEP,902820.93,403378.12,499326.5,3969.99,313590.65,1221.28,76706.39,18.89,,17.0,15.87,24.46,PTTEP-2566,28 ธ.ค. 2566,149.50,593512.82,30 ก.ย. 2566,8.02,1.15,129.74,6.19,2566
184,ไตรมาส 1/2567 31 มี.ค. 2567,PTTEP,990676.66,438771.08,551690.72,3969.99,78812.18,-139.86,18682.82,4.71,,15.81,14.75,23.7,PTTEP-2567,13 พ.ค. 2567,154.00,611377.75,31 มี.ค. 2567,8.03,1.11,138.97,6.17,2567
185,งบปี 2562 31 ธ.ค. 2562,PTTGC,452514.39,158919.04,285830.17,45088.49,415160.4,7813.13,11682.08,2.59,,3.5,4.02,2.97,PTTGC-2562,,,,,,,,,
186,งบปี 2563 31 ธ.ค. 2563,PTTGC,489382.65,200388.69,281015.11,45088.49,331571.29,4144.26,199.61,0.04,,0.86,0.07,0.2,PTTGC-2563,30 ธ.ค. 2563,58.50,263767.67,30 ก.ย. 2563,-,0.96,61.17,3.43,2563
187,งบปี 2564 31 ธ.ค. 2564,PTTGC,754115.49,426512.33,318241.84,45088.49,491490.37,635.51,44982.39,10.01,,9.44,15.01,9.27,PTTGC-2564,30 ธ.ค. 2564,58.75,264894.89,30 ก.ย. 2564,5.50,0.85,69.48,1.69,2564
188,งบปี 2565 31 ธ.ค. 2565,PTTGC,719965.49,421137.78,291300.01,45088.49,687899.45,-19026.1,-8752.21,-1.94,,-0.01,-2.87,-1.11,PTTGC-2565,30 ธ.ค. 2565,47.25,213043.12,30 ก.ย. 2565,-,0.73,64.91,7.92,2565
189,งบปี 2566 31 ธ.ค. 2566,PTTGC,719005.0,422823.89,288894.52,45088.49,632568.88,-223.34,999.13,0.22,,1.94,0.34,0.14,PTTGC-2566,28 ธ.ค. 2566,38.50,173590.69,30 ก.ย. 2566,-,0.61,63.37,2.60,2566
190,งบปี 2562 31 ธ.ค. 2562,RATCH,100229.43,40815.5,59413.27,14500.0,39251.7,3835.9,5963.28,4.11,,8.2,9.99,15.19,RATCH-2562,,,,,,,,,
191,งบปี 2563 31 ธ.ค. 2563,RATCH,112132.25,51610.68,60520.89,14500.0,34921.65,4774.56,6286.68,4.34,,7.41,10.48,18.0,RATCH-2563,30 ธ.ค. 2563,53.00,76850.00,30 ก.ย. 2563,15.18,1.28,41.37,4.53,2563
192,งบปี 2564 31 ธ.ค. 2564,RATCH,154855.31,77045.76,70289.71,14500.0,38213.22,6429.86,7772.02,5.36,,7.36,11.88,20.36,RATCH-2564,30 ธ.ค. 2564,45.00,65250.00,30 ก.ย. 2564,8.39,0.96,46.96,5.33,2564
193,งบปี 2565 31 ธ.ค. 2565,RATCH,229578.28,122175.01,98028.61,21750.0,75735.85,5919.65,5782.07,3.15,,4.99,6.87,7.49,RATCH-2565,30 ธ.ค. 2565,42.75,92981.25,30 ก.ย. 2565,11.41,0.87,49.16,3.90,2565
194,งบปี 2566 31 ธ.ค. 2566,RATCH,213478.95,106345.49,97997.38,21750.0,46832.93,4741.31,5167.25,2.38,,4.87,5.27,11.7,RATCH-2566,28 ธ.ค. 2566,31.50,68512.50,30 ก.ย. 2566,15.18,0.66,47.87,5.08,2566
195,งบปี 2562 31 ธ.ค. 2562,SAWAD,45461.61,25269.90,18388.37,1336.25,9793.26,-,3756.49,2.85,,12.56,20.43,40.12,SAWAD-2562,,,,,,,,,
196,งบปี 2563 31 ธ.ค. 2563,SAWAD,52007.37,27937.49,22084.87,1373.15,10993.03,-,4508.33,3.32,,14.13,22.28,43.58,SAWAD-2563,30 ธ.ค. 2563,65.75,90284.77,30 ก.ย. 2563,20.94,4.34,15.15,2.13,2563
197,งบปี 2564 31 ธ.ค. 2564,SAWAD,49966.87,22991.54,24697.86,1373.15,10230.83,-28.94,4722.14,3.44,,14.08,20.19,49.24,SAWAD-2564,30 ธ.ค. 2564,61.75,84792.16,30 ก.ย. 2564,17.42,3.60,17.15,2.91,2564
198,งบปี 2565 31 ธ.ค. 2565,SAWAD,69481.89,40477.32,25662.3,1373.15,12275.32,31.04,4476.16,3.26,,11.36,17.78,39.32,SAWAD-2565,30 ธ.ค. 2565,48.75,66941.18,30 ก.ย. 2565,15.19,2.74,17.82,3.69,2565
199,งบปี 2566 31 ธ.ค. 2566,SAWAD,111464.66,80268.03,28177.0,1373.15,18914.53,25.81,5000.8,3.64,,9.83,18.58,27.78,SAWAD-2566,28 ธ.ค. 2566,40.50,55612.67,30 ก.ย. 2566,11.24,2.06,19.62,4.44,2566
200,งบปี 2565 31 ธ.ค. 2565,SCB,3454452.34,2987840.45,461231.65,33671.07,177547.04,6996.2,37546.01,11.12,,2.02,8.14,20.91,SCB-2565,30 ธ.ค. 2565,107.00,360280.48,30 ก.ย. 2565,8.89,0.79,135.76,-,2565
201,งบปี 2566 31 ธ.ค. 2566,SCB,3438721.93,2954988.62,478082.22,33671.07,210556.79,9313.49,43521.33,12.93,,2.67,9.27,20.79,SCB-2566,28 ธ.ค. 2566,106.00,356913.37,30 ก.ย. 2566,9.00,0.77,138.51,6.31,2566
202,งบปี 2562 31 ธ.ค. 2562,SCC,634733.23,306990.1,280215.41,1200.0,446826.77,11632.06,32014.28,26.68,,7.48,11.49,7.43,SCC-2562,,,,,,,,,
203,งบปี 2563 31 ธ.ค. 2563,SCC,749380.88,353254.84,320972.18,1200.0,407217.16,9455.79,34143.87,28.45,,7.25,11.36,9.16,SCC-2563,30 ธ.ค. 2563,378.00,453600.00,30 ก.ย. 2563,13.66,1.50,252.29,3.70,2563
204,งบปี 2564 31 ธ.ค. 2564,SCC,861101.03,411092.68,365690.73,1200.0,540705.96,17542.66,47173.99,39.31,,8.74,13.74,10.12,SCC-2564,30 ธ.ค. 2564,386.00,463200.00,30 ก.ย. 2564,9.87,1.29,299.19,3.63,2564
205,งบปี 2565 31 ธ.ค. 2565,SCC,906489.79,454065.36,374254.96,1200.0,582292.21,10703.09,21382.35,17.82,,3.38,5.78,3.04,SCC-2565,30 ธ.ค. 2565,342.00,410400.00,30 ก.ย. 2565,13.90,1.04,329.61,5.41,2565
206,งบปี 2566 31 ธ.ค. 2566,SCC,893600.63,452003.99,363961.76,1200.0,528531.42,8418.82,25914.98,21.6,,4.72,7.02,4.56,SCC-2566,28 ธ.ค. 2566,306.00,367200.00,30 ก.ย. 2566,13.50,0.96,319.70,2.61,2566
207,งบปี 2563 31 ธ.ค. 2563,SCGP,172428.88,62588.1,88737.82,4292.92,93388.33,-155.82,6457.48,1.95,,6.26,9.81,7.82,SCGP-2563,30 ธ.ค. 2563,41.50,178156.19,-,28.89,-,-,-,2563
208,งบปี 2564 31 ธ.ค. 2564,SCGP,206823.74,84523.8,96837.2,4292.92,126436.89,374.43,8294.37,1.93,,6.8,8.94,7.63,SCGP-2564,30 ธ.ค. 2564,69.25,297284.72,30 ก.ย. 2564,38.79,3.12,22.19,0.65,2564
209,งบปี 2565 31 ธ.ค. 2565,SCGP,197279.65,74312.91,97200.24,4292.92,147389.57,197.83,5800.61,1.35,,4.83,5.98,4.57,SCGP-2565,30 ธ.ค. 2565,57.00,244696.45,30 ก.ย. 2565,32.77,2.40,23.72,1.14,2565
210,งบปี 2566 31 ธ.ค. 2566,SCGP,198560.67,96111.33,77322.25,4292.92,130441.11,118.26,5248.13,1.22,,4.35,6.01,4.16,SCGP-2566,28 ธ.ค. 2566,36.00,154545.13,30 ก.ย. 2566,34.50,1.99,18.11,1.67,2566
211,ไตรมาส 1/2567 31 มี.ค. 2567,SCGP,206319.51,101918.4,78829.41,4292.92,34210.34,80.17,1724.65,0.4,,4.62,6.52,5.39,SCGP-2567,13 พ.ค. 2567,31.25,134153.76,31 มี.ค. 2567,23.32,1.70,18.36,1.76,2567
212,งบปี 2562 31 ธ.ค. 2562,TISCO,298304.1,259107.98,39192.98,8006.56,24855.5,-5.3,7270.23,9.08,,4.71,18.91,29.26,TISCO-2562,,,,,,,,,
213,งบปี 2563 31 ธ.ค. 2563,TISCO,275443.21,235981.13,39458.94,8006.56,22865.95,10.66,6063.48,7.57,,3.91,15.42,26.52,TISCO-2563,30 ธ.ค. 2563,88.50,70857.14,30 ก.ย. 2563,11.26,1.87,47.26,8.76,2563
214,งบปี 2564 31 ธ.ค. 2564,TISCO,243621.93,202421.55,41197.09,8006.56,21265.45,417.33,6784.59,8.47,,4.17,16.82,31.91,TISCO-2564,30 ธ.ค. 2564,96.00,76861.98,30 ก.ย. 2564,11.60,1.95,49.22,6.56,2564
215,งบปี 2565 31 ธ.ค. 2565,TISCO,265414.44,222623.81,42787.39,8006.56,20784.02,144.7,7224.08,9.02,,4.39,17.2,34.76,TISCO-2565,30 ธ.ค. 2565,99.25,79464.08,30 ก.ย. 2565,11.02,1.94,51.24,7.20,2565
216,งบปี 2566 31 ธ.ค. 2566,TISCO,290724.25,248276.27,42444.87,8006.56,23692.47,5.09,7301.11,9.12,,4.78,17.13,30.82,TISCO-2566,28 ธ.ค. 2566,99.75,79864.40,30 ก.ย. 2566,10.90,1.97,50.55,7.77,2566
217,งบปี 2564 31 ธ.ค. 2564,TLI,533706.29,447275.06,86431.24,10600.00,109246.02,-,8393.52,0.79,,2.02,9.71,7.68,TLI-2564,,,,,,,,,
218,งบปี 2565 31 ธ.ค. 2565,TLI,556041.81,457973.64,98068.18,11450.00,107152.59,-,9265.06,0.84,,2.10,10.04,8.65,TLI-2565,30 ธ.ค. 2565,14.90,170605.00,30 ก.ย. 2565,20.77,1.90,7.83,-,2565
219,งบปี 2566 31 ธ.ค. 2566,TLI,572793.08,468213.72,104579.36,11450.00,108758.73,-,9706.66,0.85,,2.13,9.58,8.92,TLI-2566,28 ธ.ค. 2566,9.15,104767.50,30 ก.ย. 2566,11.67,1.06,8.64,3.28,2566
220,งบปี 2563 31 ธ.ค. 2563,TOP,306187.66,186069.23,116228.96,20400.28,249027.83,9789.99,-3301.41,-1.62,,0.36,-2.8,-1.16,TOP-2563,30 ธ.ค. 2563,52.00,106081.45,30 ก.ย. 2563,-,0.98,52.84,2.88,2563
221,งบปี 2564 31 ธ.ค. 2564,TOP,362144.12,239050.04,120880.74,20400.28,345985.96,-4691.91,12578.03,6.17,,5.59,10.61,3.76,TOP-2564,30 ธ.ค. 2564,49.50,100981.38,30 ก.ย. 2564,6.82,0.87,56.62,1.41,2564
222,งบปี 2565 31 ธ.ค. 2565,TOP,444580.86,285923.49,156034.3,22338.36,530451.37,751.54,32668.14,15.63,,11.38,23.59,6.24,TOP-2565,30 ธ.ค. 2565,56.25,125653.25,30 ก.ย. 2565,3.35,0.81,69.49,4.22,2565
223,งบปี 2566 31 ธ.ค. 2566,TOP,419992.7,251681.01,165567.76,22338.36,470582.84,-2553.37,19443.17,8.7,,6.56,12.09,4.16,TOP-2566,28 ธ.ค. 2566,53.75,120068.66,30 ก.ย. 2566,7.21,0.75,71.77,6.88,2566
224,ไตรมาส 1/2567 31 มี.ค. 2567,TOP,428357.04,254800.04,170773.9,22338.36,120145.58,-1105.61,5862.94,2.62,,6.87,12.54,4.91,TOP-2567,13 พ.ค. 2567,52.75,117834.83,31 มี.ค. 2567,5.68,0.69,76.45,6.45,2567
225,งบปี 2565 31 ธ.ค. 2565,TRUE,793692.29,694750.26,98517.44,138208.4,218205.37,2425.77,-5913.54,0.0,,2.32,-6.0,-2.76,TRUE-2565,,,,,,,,,
226,งบปี 2566 31 ธ.ค. 2566,TRUE,744721.85,658581.44,85779.07,138208.4,208322.51,1765.36,-15536.85,-0.42,,1.4,-16.86,-7.49,TRUE-2566,28 ธ.ค. 2566,5.05,174488.11,30 ก.ย. 2566,-,1.78,2.83,-,2566
227,ไตรมาส 1/2567 31 มี.ค. 2567,TRUE,724034.4,638575.71,85094.2,138208.4,51885.59,690.29,-769.25,-0.02,,1.97,-15.76,-1.48,TRUE-2567,13 พ.ค. 2567,8.55,295420.46,31 มี.ค. 2567,-,3.47,2.46,-,2567
228,งบปี 2563 31 ธ.ค. 2563,TTB,1808331.83,1603582.11,204712.63,91588.95,89885.61,2766.93,10112.18,0.1,,1.68,5.06,11.25,TTB-2563,30 ธ.ค. 2563,1.08,104122.17,30 ก.ย. 2563,9.92,0.51,2.10,2.98,2563
229,งบปี 2564 31 ธ.ค. 2564,TTB,1759180.73,1548345.04,210834.56,91791.73,80709.8,2007.87,10474.05,0.11,,1.46,5.04,12.98,TTB-2564,30 ธ.ค. 2564,1.47,142035.63,30 ก.ย. 2564,15.94,0.68,2.15,3.05,2564
230,งบปี 2565 31 ธ.ค. 2565,TTB,1826278.88,1607271.29,219006.44,91937.27,81535.77,1960.8,14195.19,0.15,,1.76,6.6,17.41,TTB-2565,30 ธ.ค. 2565,1.41,136454.26,30 ก.ย. 2565,10.38,0.64,2.22,2.69,2565
231,งบปี 2566 31 ธ.ค. 2566,TTB,1824433.72,1595086.59,229347.09,92246.41,94530.5,2001.93,18462.18,0.19,,2.16,8.24,19.53,TTB-2566,28 ธ.ค. 2566,1.67,162159.48,30 ก.ย. 2566,9.30,0.72,2.31,4.35,2566
232,ไตรมาส 1/2567 31 มี.ค. 2567,TTB,1807602.85,1572486.78,235116.02,92248.36,24743.25,573.83,5333.79,0.05,,2.25,8.48,21.56,TTB-2567,13 พ.ค. 2567,1.75,170269.29,31 มี.ค. 2567,8.73,0.72,2.42,5.98,2567
233,งบปี 2563 31 ธ.ค. 2563,TU,144574.67,88838.02,52185.26,1192.95,134111.99,-527.49,6246.09,1.26,,6.29,12.42,4.85,TU-2563,30 ธ.ค. 2563,13.60,64896.69,30 ก.ย. 2563,10.83,1.25,10.88,3.54,2563
234,งบปี 2564 31 ธ.ค. 2564,TU,166604.04,104390.64,59319.07,1192.95,141858.21,1712.94,8013.0,1.66,,6.9,14.37,5.83,TU-2564,30 ธ.ค. 2564,19.50,93050.40,30 ก.ย. 2564,12.04,1.59,12.23,3.69,2564
235,งบปี 2565 31 ธ.ค. 2565,TU,182569.47,94438.04,80642.28,1192.95,156560.31,-267.36,7138.0,1.47,,4.9,10.2,4.73,TU-2565,30 ธ.ค. 2565,16.90,80643.68,30 ก.ย. 2565,10.05,1.29,13.08,5.62,2565
236,งบปี 2566 31 ธ.ค. 2566,TU,165450.32,99433.08,58628.23,1163.78,137212.85,142.98,-13933.21,-3.15,,4.66,-20.01,-9.62,TU-2566,28 ธ.ค. 2566,15.00,69826.99,30 ก.ย. 2566,14.87,0.89,16.94,5.85,2566
237,ไตรมาส 1/2567 31 มี.ค. 2567,TU,162035.3,97764.43,56780.01,1163.78,33467.86,398.62,1153.07,0.24,,5.15,-20.1,4.21,TU-2567,13 พ.ค. 2567,15.20,70758.02,31 มี.ค. 2567,-,1.17,12.99,3.62,2567
238,งบปี 2563 31 ธ.ค. 2563,WHA,82621.11,50453.94,28805.19,1494.68,8197.88,1208.76,2523.75,0.17,,5.18,8.66,34.95,WHA-2563,30 ธ.ค. 2563,3.04,45438.38,30 ก.ย. 2563,20.01,1.61,1.89,4.40,2563
239,งบปี 2564 31 ธ.ค. 2564,WHA,82769.49,48739.72,30594.11,1494.68,11638.82,325.07,2590.07,0.17,,5.68,8.72,24.68,WHA-2564,30 ธ.ค. 2564,3.52,52612.86,30 ก.ย. 2564,26.19,1.82,1.93,2.85,2564
240,งบปี 2565 31 ธ.ค. 2565,WHA,86302.14,50690.33,32049.62,1494.68,14982.33,585.28,4045.87,0.27,,7.09,12.92,28.84,WHA-2565,30 ธ.ค. 2565,4.08,60983.09,30 ก.ย. 2565,18.83,2.02,2.02,2.46,2565
241,งบปี 2566 31 ธ.ค. 2566,WHA,90224.95,52902.53,33487.38,1494.68,15519.06,1495.51,4425.74,0.3,,7.87,13.51,32.54,WHA-2566,28 ธ.ค. 2566,5.30,79218.22,30 ก.ย. 2566,16.32,2.45,2.16,3.15,2566
242,ไตรมาส 1/2567 31 มี.ค. 2567,WHA,97608.5,59101.68,34526.82,1494.68,3757.38,172.53,1364.92,0.09,,8.58,15.65,40.79,WHA-2567,13 พ.ค. 2567,5.30,79218.22,31 มี.ค. 2567,15.04,2.29,2.31,3.47,2567
